<?xml version="1.0" encoding="UTF-8"?>
<definitions xmlns="http://www.omg.org/spec/BPMN/20100524/MODEL" xmlns:xsi="http://www.w3.org/2001/XMLSchema-instance" xmlns:xsd="http://www.w3.org/2001/XMLSchema" xmlns:activiti="http://activiti.org/bpmn" xmlns:bpmndi="http://www.omg.org/spec/BPMN/20100524/DI" xmlns:omgdc="http://www.omg.org/spec/DD/20100524/DC" xmlns:omgdi="http://www.omg.org/spec/DD/20100524/DI" typeLanguage="http://www.w3.org/2001/XMLSchema" expressionLanguage="http://www.w3.org/1999/XPath" targetNamespace="http://www.activiti.org/processdef">
  <process id="chuchai" isExecutable="true">
    <startEvent id="sid-634CFF74-EA87-48C3-987A-3A1CF070C7C1"></startEvent>
    <userTask id="sid-7DBE9E1C-7759-4B4D-9492-CD00B7EBBE1B" name="zhangsan" activiti:assignee="zhangsan"></userTask>
    <userTask id="sid-EE7B4F04-C7EE-46DD-B06F-A1B89D9A7FC2" name="lisi" activiti:assignee="lisi"></userTask>
    <endEvent id="sid-54670D79-B0EE-444D-8829-4AB33C888107"></endEvent>
    <sequenceFlow id="sid-1A7032E6-E6EC-43D3-AF4D-87810F0F840E" sourceRef="sid-634CFF74-EA87-48C3-987A-3A1CF070C7C1" targetRef="sid-7DBE9E1C-7759-4B4D-9492-CD00B7EBBE1B"></sequenceFlow>
    <sequenceFlow id="sid-FA744F46-2931-47EA-988E-BB309D2C0EB3" sourceRef="sid-7DBE9E1C-7759-4B4D-9492-CD00B7EBBE1B" targetRef="sid-EE7B4F04-C7EE-46DD-B06F-A1B89D9A7FC2"></sequenceFlow>
    <sequenceFlow id="sid-36D09DEB-07F9-494D-830F-49552759790C" sourceRef="sid-EE7B4F04-C7EE-46DD-B06F-A1B89D9A7FC2" targetRef="sid-54670D79-B0EE-444D-8829-4AB33C888107"></sequenceFlow>
  </process>
  <bpmndi:BPMNDiagram id="BPMNDiagram_chuchai">
    <bpmndi:BPMNPlane bpmnElement="chuchai" id="BPMNPlane_chuchai">
      <bpmndi:BPMNShape bpmnElement="sid-634CFF74-EA87-48C3-987A-3A1CF070C7C1" id="BPMNShape_sid-634CFF74-EA87-48C3-987A-3A1CF070C7C1">
        <omgdc:Bounds height="30.0" width="30.0" x="146.99999758601192" y="188.99999696016317"></omgdc:Bounds>
      </bpmndi:BPMNShape>
      <bpmndi:BPMNShape bpmnElement="sid-7DBE9E1C-7759-4B4D-9492-CD00B7EBBE1B" id="BPMNShape_sid-7DBE9E1C-7759-4B4D-9492-CD00B7EBBE1B">
        <omgdc:Bounds height="80.0" width="100.0" x="307.99999466538435" y="168.99999688565737"></omgdc:Bounds>
      </bpmndi:BPMNShape>
      <bpmndi:BPMNShape bpmnElement="sid-EE7B4F04-C7EE-46DD-B06F-A1B89D9A7FC2" id="BPMNShape_sid-EE7B4F04-C7EE-46DD-B06F-A1B89D9A7FC2">
        <omgdc:Bounds height="80.0" width="100.0" x="509.9999924004079" y="168.9999943673612"></omgdc:Bounds>
      </bpmndi:BPMNShape>
      <bpmndi:BPMNShape bpmnElement="sid-54670D79-B0EE-444D-8829-4AB33C888107" id="BPMNShape_sid-54670D79-B0EE-444D-8829-4AB33C888107">
        <omgdc:Bounds height="28.0" width="28.0" x="734.9999890476466" y="194.99999397993102"></omgdc:Bounds>
      </bpmndi:BPMNShape>
      <bpmndi:BPMNEdge bpmnElement="sid-1A7032E6-E6EC-43D3-AF4D-87810F0F840E" id="BPMNEdge_sid-1A7032E6-E6EC-43D3-AF4D-87810F0F840E">
        <omgdi:waypoint x="176.99511918807883" y="204.3825255724608"></omgdi:waypoint>
        <omgdi:waypoint x="307.99999466538435" y="207.72448668157574"></omgdi:waypoint>
      </bpmndi:BPMNEdge>
      <bpmndi:BPMNEdge bpmnElement="sid-36D09DEB-07F9-494D-830F-49552759790C" id="BPMNEdge_sid-36D09DEB-07F9-494D-830F-49552759790C">
        <omgdi:waypoint x="609.9999924004079" y="208.99999426486644"></omgdi:waypoint>
        <omgdi:waypoint x="734.9999890476466" y="208.99999400862956"></omgdi:waypoint>
      </bpmndi:BPMNEdge>
      <bpmndi:BPMNEdge bpmnElement="sid-FA744F46-2931-47EA-988E-BB309D2C0EB3" id="BPMNEdge_sid-FA744F46-2931-47EA-988E-BB309D2C0EB3">
        <omgdi:waypoint x="407.99999466538435" y="208.99999626231673"></omgdi:waypoint>
        <omgdi:waypoint x="509.9999924004079" y="208.99999499070185"></omgdi:waypoint>
      </bpmndi:BPMNEdge>
    </bpmndi:BPMNPlane>
  </bpmndi:BPMNDiagram>
</definitions>